{
  "rollWidget": {
    "origin": "BOTTOM",
    "offset": {
      "f_82470_": 118.00783,
      "f_82471_": -23.36581
    }
  }
}